[
  {"model": "apps_profes.profe", "pk": 1, "fields": {"nombre": "Mario",  "color": "#22d3ee", "sede": "107",   "tipo_liquidacion": "porcentaje", "fecha_inicio": "2024-01-01", "activo": true, "notas": "50% de Teens. Sueldo fijo mensual ajustable. 6h/día mar y jue."}},
  {"model": "apps_profes.profe", "pk": 2, "fields": {"nombre": "Barbi",  "color": "#ec4899", "sede": "ambas", "tipo_liquidacion": "hora",       "fecha_inicio": "2024-01-01", "activo": true, "notas": ""}},
  {"model": "apps_profes.profe", "pk": 3, "fields": {"nombre": "Damián", "color": "#f59e0b", "sede": "ambas", "tipo_liquidacion": "hora",       "fecha_inicio": "2024-01-01", "activo": true, "notas": ""}},
  {"model": "apps_profes.profe", "pk": 4, "fields": {"nombre": "Flor",   "color": "#a78bfa", "sede": "107",   "tipo_liquidacion": "hora",       "fecha_inicio": "2024-01-01", "activo": true, "notas": ""}},
  {"model": "apps_profes.profe", "pk": 5, "fields": {"nombre": "Sugus",  "color": "#34d399", "sede": "24",    "tipo_liquidacion": "hora",       "fecha_inicio": "2024-01-01", "activo": true, "notas": ""}},
  {"model": "apps_profes.profe", "pk": 6, "fields": {"nombre": "Sofi",   "color": "#60a5fa", "sede": "ambas", "tipo_liquidacion": "hora",       "fecha_inicio": "2024-01-01", "activo": true, "notas": ""}},
  {"model": "apps_profes.profe", "pk": 7, "fields": {"nombre": "Maxi",   "color": "#f97316", "sede": "107",   "tipo_liquidacion": "hora",       "fecha_inicio": "2024-01-01", "activo": true, "notas": ""}},
  {"model": "apps_profes.profe", "pk": 8, "fields": {"nombre": "Bruno",  "color": "#e879f9", "sede": "107",   "tipo_liquidacion": "hora",       "fecha_inicio": "2024-01-01", "activo": true, "notas": ""}},
  {"model": "apps_profes.profe", "pk": 9, "fields": {"nombre": "Deni",   "color": "#fbbf24", "sede": "107",   "tipo_liquidacion": "hora",       "fecha_inicio": "2024-01-01", "activo": true, "notas": "Valor hora alto intencional ($22.910/h). No es error."}},
  {"model": "apps_profes.profe", "pk": 10,"fields": {"nombre": "Day",    "color": "#f43f5e", "sede": "107",   "tipo_liquidacion": "porcentaje", "fecha_inicio": "2024-01-01", "activo": true, "notas": "50% de recaudación Hyrox. Sin sueldo fijo."}},

  {"model": "apps_profes.valorhoraprofe", "pk": 1,  "fields": {"profe": 2,  "mes": "2026-04-01", "valor_hora": "7150.00",  "sueldo_fijo": null, "porcentaje": null}},
  {"model": "apps_profes.valorhoraprofe", "pk": 2,  "fields": {"profe": 3,  "mes": "2026-04-01", "valor_hora": "7677.00",  "sueldo_fijo": null, "porcentaje": null}},
  {"model": "apps_profes.valorhoraprofe", "pk": 3,  "fields": {"profe": 4,  "mes": "2026-04-01", "valor_hora": "6900.00",  "sueldo_fijo": null, "porcentaje": null}},
  {"model": "apps_profes.valorhoraprofe", "pk": 4,  "fields": {"profe": 5,  "mes": "2026-04-01", "valor_hora": "7000.00",  "sueldo_fijo": null, "porcentaje": null}},
  {"model": "apps_profes.valorhoraprofe", "pk": 5,  "fields": {"profe": 6,  "mes": "2026-04-01", "valor_hora": "6400.00",  "sueldo_fijo": null, "porcentaje": null}},
  {"model": "apps_profes.valorhoraprofe", "pk": 6,  "fields": {"profe": 7,  "mes": "2026-04-01", "valor_hora": "6500.00",  "sueldo_fijo": null, "porcentaje": null}},
  {"model": "apps_profes.valorhoraprofe", "pk": 7,  "fields": {"profe": 8,  "mes": "2026-04-01", "valor_hora": "6800.00",  "sueldo_fijo": null, "porcentaje": null}},
  {"model": "apps_profes.valorhoraprofe", "pk": 8,  "fields": {"profe": 9,  "mes": "2026-04-01", "valor_hora": "22910.00", "sueldo_fijo": null, "porcentaje": null}},
  {"model": "apps_profes.valorhoraprofe", "pk": 9,  "fields": {"profe": 1,  "mes": "2026-04-01", "valor_hora": "0.00",     "sueldo_fijo": "1304705.00", "porcentaje": "50.00"}},
  {"model": "apps_profes.valorhoraprofe", "pk": 10, "fields": {"profe": 10, "mes": "2026-04-01", "valor_hora": "0.00",     "sueldo_fijo": null, "porcentaje": "50.00"}},

  {"model": "apps_precios.precioMes", "pk": 1,  "fields": {"mes": "2026-04-01", "disciplina": "CF", "frecuencia": "2x",    "tipo": "regular",     "precio": "44000.00"}},
  {"model": "apps_precios.precioMes", "pk": 2,  "fields": {"mes": "2026-04-01", "disciplina": "CF", "frecuencia": "2x",    "tipo": "unlpam",      "precio": "40000.00"}},
  {"model": "apps_precios.precioMes", "pk": 3,  "fields": {"mes": "2026-04-01", "disciplina": "CF", "frecuencia": "2x",    "tipo": "despues_10",  "precio": "48000.00"}},
  {"model": "apps_precios.precioMes", "pk": 4,  "fields": {"mes": "2026-04-01", "disciplina": "CF", "frecuencia": "3x",    "tipo": "regular",     "precio": "48000.00"}},
  {"model": "apps_precios.precioMes", "pk": 5,  "fields": {"mes": "2026-04-01", "disciplina": "CF", "frecuencia": "3x",    "tipo": "unlpam",      "precio": "44000.00"}},
  {"model": "apps_precios.precioMes", "pk": 6,  "fields": {"mes": "2026-04-01", "disciplina": "CF", "frecuencia": "3x",    "tipo": "despues_10",  "precio": "52000.00"}},
  {"model": "apps_precios.precioMes", "pk": 7,  "fields": {"mes": "2026-04-01", "disciplina": "CF", "frecuencia": "libre", "tipo": "regular",     "precio": "50000.00"}},
  {"model": "apps_precios.precioMes", "pk": 8,  "fields": {"mes": "2026-04-01", "disciplina": "CF", "frecuencia": "libre", "tipo": "unlpam",      "precio": "45000.00"}},
  {"model": "apps_precios.precioMes", "pk": 9,  "fields": {"mes": "2026-04-01", "disciplina": "CF", "frecuencia": "libre", "tipo": "despues_10",  "precio": "55000.00"}},
  {"model": "apps_precios.precioMes", "pk": 10, "fields": {"mes": "2026-04-01", "disciplina": "HF", "frecuencia": "2x",    "tipo": "regular",     "precio": "42000.00"}},
  {"model": "apps_precios.precioMes", "pk": 11, "fields": {"mes": "2026-04-01", "disciplina": "HF", "frecuencia": "2x",    "tipo": "unlpam",      "precio": "38000.00"}},
  {"model": "apps_precios.precioMes", "pk": 12, "fields": {"mes": "2026-04-01", "disciplina": "HF", "frecuencia": "2x",    "tipo": "despues_10",  "precio": "45000.00"}},
  {"model": "apps_precios.precioMes", "pk": 13, "fields": {"mes": "2026-04-01", "disciplina": "HF", "frecuencia": "3x",    "tipo": "regular",     "precio": "44000.00"}},
  {"model": "apps_precios.precioMes", "pk": 14, "fields": {"mes": "2026-04-01", "disciplina": "HF", "frecuencia": "3x",    "tipo": "unlpam",      "precio": "40000.00"}},
  {"model": "apps_precios.precioMes", "pk": 15, "fields": {"mes": "2026-04-01", "disciplina": "HF", "frecuencia": "3x",    "tipo": "despues_10",  "precio": "46000.00"}},
  {"model": "apps_precios.precioMes", "pk": 16, "fields": {"mes": "2026-04-01", "disciplina": "HF", "frecuencia": "5x",    "tipo": "regular",     "precio": "46000.00"}},
  {"model": "apps_precios.precioMes", "pk": 17, "fields": {"mes": "2026-04-01", "disciplina": "HF", "frecuencia": "5x",    "tipo": "unlpam",      "precio": "42000.00"}},
  {"model": "apps_precios.precioMes", "pk": 18, "fields": {"mes": "2026-04-01", "disciplina": "HF", "frecuencia": "5x",    "tipo": "despues_10",  "precio": "50000.00"}},
  {"model": "apps_precios.precioMes", "pk": 19, "fields": {"mes": "2026-04-01", "disciplina": "HX", "frecuencia": "3x",    "tipo": "regular",     "precio": "45000.00"}},
  {"model": "apps_precios.precioMes", "pk": 20, "fields": {"mes": "2026-04-01", "disciplina": "HX", "frecuencia": "3x",    "tipo": "unlpam",      "precio": "45000.00"}},
  {"model": "apps_precios.precioMes", "pk": 21, "fields": {"mes": "2026-04-01", "disciplina": "HX", "frecuencia": "3x",    "tipo": "despues_10",  "precio": "50000.00"}},
  {"model": "apps_precios.precioMes", "pk": 22, "fields": {"mes": "2026-04-01", "disciplina": "TN", "frecuencia": "3x",    "tipo": "regular",     "precio": "32000.00"}},
  {"model": "apps_precios.precioMes", "pk": 23, "fields": {"mes": "2026-04-01", "disciplina": "TN", "frecuencia": "3x",    "tipo": "unlpam",      "precio": "32000.00"}},
  {"model": "apps_precios.precioMes", "pk": 24, "fields": {"mes": "2026-04-01", "disciplina": "TN", "frecuencia": "3x",    "tipo": "despues_10",  "precio": "32000.00"}},
  {"model": "apps_precios.precioMes", "pk": 25, "fields": {"mes": "2026-04-01", "disciplina": "KD", "frecuencia": "3x",    "tipo": "regular",     "precio": "26000.00"}},
  {"model": "apps_precios.precioMes", "pk": 26, "fields": {"mes": "2026-04-01", "disciplina": "KD", "frecuencia": "3x",    "tipo": "unlpam",      "precio": "26000.00"}},
  {"model": "apps_precios.precioMes", "pk": 27, "fields": {"mes": "2026-04-01", "disciplina": "KD", "frecuencia": "3x",    "tipo": "despues_10",  "precio": "26000.00"}}
]
